Company_Name,Old_Symbol,New_Symbol,Date
Dalmia Bharat Limited,DALMIABEL,DALMIABHA,2013-01-09
L&T Fixed Maturity Plane Series - VI Plan E,FIFMPS6EG,LTFMPS6EG,2013-01-14
L&T Fixed Maturity Plan Series - VI Plan F,FIFMPS6FG,LTFMPS6FG,2013-01-14
L&T Fixed Maturiy Plan Series - VI Plan F,FIFMPS6ED,LTFMPS6ED,2013-01-14
Fidelity Mutual Fund - Fidelity Fixed Maturity Plan -SVI- Plan F - DP,FIFMPS6FD,LTFMPS6FD,2013-01-14
Shirpur Gold Refinery Limited,AGEEGOLD,SHIRPUR-G,2013-01-17
Linde India Limited,BOC,LINDEINDIA,2013-04-10
Future Enterprises Limited,PANTALOONR,FRL,2013-04-11
Future Enterprises Limited,PRETAILDVR,FRLDVR,2013-04-11
Uttam Value Steels Limited,LLOYDSTEEL,UTTAMVALUE,2013-04-29
TGB Banquets And Hotels Limited,BHAGWATIHO,TGBHOTELS,2013-05-31
Zee Media Corporation Limited,ZEENEWS,ZEEMEDIA,2013-07-30
JSW Holdings Limited,JINDALSWHL,JSWHL,2013-07-30
Capri Global Capital Limited,MMFSL,CGCL,2013-08-05
Cineline India Limited,CINEPRO,CINELINE,2013-08-23
Rain Industries Limited,RAINCOM,RAIN,2013-08-23
Dr. Datson's Labs Limited,AANJANEYA,DRDATSONS,2013-09-02
Pressman Advertising Limited,NUCENT,PRESSMN,2013-09-11
Navneet Education Limited,NAVNETPUBL,NAVNETEDUL,2013-09-19
Ujaas Energy Limited,MBSWITCH,UJAAS,2013-09-23
The Ramco Cements Limited,MADRASCEM,RAMCOCEM,2013-09-30
Vedanta Limited,SESAGOA,SSLT,2013-10-04
Future Consumer Limited,FVIL,FCEL,2013-10-17
UPL Limited,UNIPHOS,UPL,2013-10-23
Piramal Phytocare Limited,PIRLIFE,PIRPHYTO,2013-10-23
Phoenix Lamps Limited,HALONIX,PHOENIXLL,2013-10-30
Nandan Denim Limited,NANDANEXIM,NDL,2013-11-21
Vakrangee Limited,VAKRANSOFT,VAKRANGEE,2013-11-27
ICICI Prudential MF - ICICI Prudential IF S1 - DQDP,IPRU8112,IPRU8122,2013-12-16
Mahindra CIE Automotive Limited,MAHINDFORG,MAHINDCIE,2013-12-17
DCB Bank Limited,DCB,DCBBANK,2014-01-15
Palred Technologies Limited,FOURSOFT,PALRED,2014-01-16
ANDHRA PAPER LIMITED,APPAPER,IPAPPM,2014-01-21
Shri Aster Silicates Limited,ASTERSILI,SHRIASTER,2014-02-03
DCM Shriram Limited,DCMSRMCONS,DCMSHRIRAM,2014-03-13
IIFL Finance Limited,INDIAINFO,IIFL,2014-03-13
SKIL Infrastructure Limited,HORIZONINF,SKIL,2014-03-24
ICICI Prudential Nifty ETF,NIFETF,INIFTY,2014-05-05
ICICI Prudential Nifty 100 ETF,ICCNX100,ICNX100,2014-05-05
ICICI Prudential Gold ETF,IPGETF,IGOLD,2014-05-05
Dalmia Refractories Limited,SHRINATRAJ,DALMIAREF,2014-05-22
Cyient Limited,INFOTECENT,CYIENT,2014-05-22
Noesis Industries Limited,MVLIND,NOESISIND,2014-06-04
ICICI Prudential Sensex ETF,SPICE,ISENSEX,2014-08-18
DiGiSPICE Technologies Limited,SMOBILITY,SPICEMOBI,2014-08-19
Expleo Solutions Limited,THINKSOFT,SQSBFSI,2014-09-30
Prozone Intu Properties Limited,PROZONECSC,PROZONINTU,2014-10-07
AXISCADES Technologies Limited,AXIS-IT&T,AXISCADES,2014-10-08
Crest Ventures Limited,SHARRESLTD,CREST,2014-10-16
Techindia Nirman Limited,NATHSEED,TECHIN,2014-10-31
Dhunseri Ventures Limited,DPTL,DPL,2014-11-12
Surana Solar Limited,SURANAVEL,SURANASOL,2014-11-19
RattanIndia Enterprises Limited,IBIPL,RTNINFRA,2014-11-20
RattanIndia Power Limited,IBPOW,RTNPOWER,2014-11-20
Srikalahasthi Pipes Limited,LANCOIN,SRIPIPES,2014-12-17
A2Z Infra Engineering Limited,A2ZMES,A2ZINFRA,2014-12-31
E-Land Apparel Limited,MUDRA,ELAND,2015-03-13
Dhani Services Limited,IBSEC,IBVENTURES,2015-04-01
Excel Realty N Infra Limited,EXCELINFO,EXCEL,2015-05-05
GP Petroleums Limited,SAHPETRO,GULFPETRO,2015-05-06
Vedanta Limited,SSLT,VEDL,2015-05-07
IZMO Limited,LOGIXMICRO,IZMO,2015-05-15
Metalyst Forgings Limited,AHMEDFORGE,METALFORGE,2015-06-01
Castex Technologies Limited,AMTEKINDIA,CASTEXTECH,2015-06-11
NIPPON INDIA ETF NV20,RELNV20,NETFNV20,2015-06-22
Welspun Enterprises Limited,WELPROJ,WELENT,2015-06-24
PIL ITALICA LIFESTYLE LIMITED,PILIND,PILITA,2015-09-03
Adroit Infotech Limited,COLORCHIPS,SPHEREGSL,2015-10-13
SVOGL Oil Gas And Energy Limited,SHIV-VANI,SVOGL,2015-10-23
GOCL Corporation Limited,GULFCORP,GOCLCORP,2015-11-10
SBI-ETF Gold,SBIGETS,SETFGOLD,2015-11-24
SBI-ETF Nifty Next 50,SETFNIFJR,SETFNN50,2015-11-24
SBI-ETF Nifty 50,SETFNIFTY,SETFNIF50,2015-11-24
SBI-ETF Nifty Bank,SETFBANK,SETFNIFBK,2015-11-24
Kotak Mahindra MF - Kotak NV 20 ETF - DPO,KTKNV20ETF,KOTAKNV20,2015-12-21
Orchid Pharma Limited,ORCHIDCHEM,ORCHIDPHAR,2015-12-21
Vikas EcoTech Limited,VIKASGLOB,VIKASECO,2015-12-21
LIC Mutual Fund - LIC MF EXCHANGE TRADED FUND - SENSEX,LICNFESGP,LICNETFSEN,2015-12-30
LIC MF - LIC MF G-sec LT ETF - GO,LICNMFET,LICNETFGSC,2015-12-30
LIC MF - LIC MF EXCHANGE TRADED FUND - NIFTY 50,LICNFENGP,LICNETFN50,2015-12-30
Aditya Birla Fashion and Retail Limited,PFRL,ABFRL,2016-01-29
AYM Syntex Limited,WELSYNTEX,AYMSYNTEX,2016-02-03
Bharati Defence and Infrastructure Limited,BHARTISHIP,BHARATIDIL,2016-02-26
Max Financial Services Limited,MAX,MFSL,2016-02-26
Kamdhenu Limited,KIL,KAMDHENU,2016-03-18
Reliance Naval and Engineering Limited,PIPAVAVDOC,RDEL,2016-03-18
INEOS Styrolution India Limited,STYABS,INEOSSTYRO,2016-04-04
Ducon Infratechnologies Limited,DYNATECH,DUCON,2016-05-11
Arrow Greentech Limited,ARROWCOAT,ARROWGREEN,2016-05-11
Future Enterprises Limited,FRLDVR,FELDVR,2016-05-13
Future Enterprises Limited,FRL,FEL,2016-05-13
Invesco MF  Invesco India AIF - Sr 1 - Pl B - DS-P-GO,RIMFAI1BDG,IVZINA1BDG,2016-06-23
Invesco India Gold Exchange Traded Fund,RELIGAREGO,IVZINGOLD,2016-06-23
Invesco India Nifty Exchange Traded Fund,RELGRNIFTY,IVZINNIFTY,2016-06-23
Invesco MF  Invesco India AIF - Sr 1 - Pl B - RS-P-GO,RIMFAI1BRG,IVZINA1BRG,2016-06-23
Bharat Financial Inclusion Limited,SKSMICRO,BHARATFIN,2016-07-01
NIPPON INDIA ETF LONG TERM GILT,RRSLGETF,NETFLTGILT,2016-07-08
ICICI Prudential Sensex ETF,ISENSEX,SENSEXIWIN,2016-07-25
ICICI Prudential Gold ETF,IGOLD,GOLDIWIN,2016-07-25
ICICI Prudential Nifty 100 ETF,ICNX100,NIF100IWIN,2016-07-25
ICICI Prudential NV20 ETF,INV20,NV20IWIN,2016-07-25
ICICI Prudential Midcap Select ETF,IMIDCAP,MIDCAPIWIN,2016-07-25
ICICI Prudential Nifty ETF,INIFTY,NIFTYIWIN,2016-07-25
NLC India Limited,NEYVELILIG,NLCINDIA,2016-08-04
Himadri Speciality Chemical Limited,HCIL,HSCL,2016-08-16
Siti Networks Limited,SITICABLE,SITINET,2016-08-17
Balkrishna Paper Mills Limited,NIRVIKARA,BALKRISHNA,2016-09-06
Johnson Controls - Hitachi Air Conditioning India Limited,HITACHIHOM,JCHAC,2016-09-12
GE Power India Limited,AIL,GEPIL,2016-09-14
GE T&D India Limited,ALSTOMT&D,GET&D,2016-09-14
Sovereign Gold Bonds 2.75% NOV 2023 Tr-I,GBNOV23,SBNOV23,2016-09-15
Sovereign Gold Bonds 2.75% NOV 2023 Tr-I,SBNOV23,SGBNOV23,2016-09-15
Birla Cable Limited,BIRLAERIC,BIRLACABLE,2016-09-26
Future Consumer Limited,FCEL,FCONSUMER,2016-10-25
Sastasundar Ventures Limited,MICROSEC,SASTASUNDR,2016-11-22
Edelweiss Fixed Maturity Plan - Series 37 - Regular Plan - Dividend,JP37D,E37D,2016-11-28
Edelweiss Fixed Maturity Plan - Series 37 - Direct Plan - Growth,JD37G,ED37G,2016-11-28
Edelweiss Fixed Maturity Plan - Series 35 - Regular Plan - Growth,JP35G,E35G,2016-11-28
Edelweiss Fixed Maturity Plan - Series 35 - Regular Plan - Dividend,JP35D,E35D,2016-11-28
Edelweiss Fixed Maturity Plan - Series 35 - Direct Plan - Growth,JD35G,ED35G,2016-11-28
Edelweiss Fixed Maturity Plan - Series 20 - Direct Plan - Growth,JD20G,ED20G,2016-11-28
Edelweiss Fixed Maturity Plan - Series 37 - Regular Plan - Growth,JP37G,E37G,2016-11-28
Edelweiss Fixed Maturity Plan - Series 20 - Direct Plan - Dividend,JD20D,ED20D,2016-11-28
Edelweiss Fixed Maturity Plan - Series 14 - Regular Plan - Growth,JP14G,E14G,2016-11-28
Edelweiss Fixed Maturity Plan - Series 14 - Regular Plan - Dividend,JP14D,E14D,2016-11-28
Edelweiss Fixed Maturity Plan - Series 14 - Direct Plan - Dividend,JD14D,ED14D,2016-11-28
Edelweiss Fixed Maturity Plan - Series 14 - DP-GO,JD14G,ED14G,2016-11-28
Edelweiss Fixed Maturity Plan - Series 20 - Regular Plan - Dividend,JP20D,E20D,2016-11-28
Edelweiss Fixed Maturity Plan - Series 38 - Direct Plan - Growth,JD38G,ED38G,2016-11-28
Edelweiss Fixed Maturity Plan - Series 20 - Regular Plan - Growth,JP20G,E20G,2016-11-28
Edelweiss Income Fund - Series 501 - Dividend,J501D,E501D,2016-11-28
Edelweiss Fixed Maturity Plan - Series 38 - Regular Plan - Dividend,JP38D,E38D,2016-11-28
Edelweiss Income Fund - Series 501 - Growth,J501G,E501G,2016-11-28
Edelweiss Fixed Maturity Plan - Series 502 - Growth Option,J502G,E502G,2016-11-28
Edelweiss Fixed Maturity Plan - Series 38 - Regular Plan - Growth,JP38G,E38G,2016-11-28
Edelweiss Fixed Maturity Plan - Series 40 - Direct Plan - Growth,JD40G,ED40G,2016-11-28
Edelweiss Fixed Maturity Plan - Series 40 - Regular Plan - Dividend,JP40D,E40D,2016-11-28
Edelweiss Fixed Maturity Plan - Series 502 - Dividend Option,J502D,E502D,2016-11-28
Edelweiss Fixed Maturity Plan - Series 40 - Regular Plan - Growth,JP40G,E40G,2016-11-28
Arvind SmartSpaces Limited,ARVINFRA,ARVSMART,2016-12-05
VIP Clothing Limited,MAXWELL,VIPCLOTHNG,2016-12-21
SORIL Infra Resources Limited,STOREONE,SORILINFRA,2017-01-10
Privi Speciality Chemicals Limited,ADI,FAIRCHEM,2017-01-19
63 moons technologies limited,FINANTECH,63MOONS,2017-01-19
Neueon Towers Limited,SUJANATWR,NTL,2017-02-17
Vidhi Specialty Food Ingredients Limited,VIDHIDYE,VIDHIING,2017-03-01
Geojit Financial Services Limited,GEOJITBNPP,GEOJITFSL,2017-03-02
CG Power and Industrial Solutions Limited,CROMPGREAV,CGPOWER,2017-03-08
Yaari Digital Integrated Services Limited,IBWSL,SORILHOLD,2017-04-18
Hitech Corporation Limited,HITECHPLAS,HITECHCORP,2017-05-23
Fedders Electric and Engineering Limited,FEDDERLOYD,FEDDERELEC,2017-06-13
LEEL Electricals Limited,LLOYDELENG,LEEL,2017-06-19
Mohota Industries Limited,RAIREKMOH,MOHOTAMILL,2017-08-01
Schaeffler India Limited,FAGBEARING,SCHAEFFLER,2017-08-01
Aventus Buildcon Limited,RATNAINFRA,AVENTUS,2017-08-03
Reliance Naval and Engineering Limited,RDEL,RNAVAL,2017-09-18
BALAXI PHARMACEUTICALS LIMITED,ANANDAMRUB,BALAXI,2017-09-27
NACL Industries Limited,NAGAAGRI,NACLIND,2017-09-29
Bkm Industries Limited,MANAKINDST,BKMINDST,2017-11-23
Mohota Industries Limited,MOHOTAMILL,MOHOTAIND,2017-12-26
Tirupati Forge Limited,FORGE,TIRUPATIFL,2018-01-15
Amj Land Holdings Limited,PDUMJEPULP,AMJLAND,2018-01-19
Paisalo Digital Limited,SEINV,PAISALO,2018-01-24
ICICI Prudential Nifty 100 ETF,NIF100IWIN,ICICINF100,2018-04-10
ICICI Prudential Gold ETF,GOLDIWIN,ICICIGOLD,2018-04-10
ICICI Prudential Sensex ETF,SENSEXIWIN,ICICISENSX,2018-04-10
ICICI Prudential Nifty Low Vol 30 ETF,LOWVOLIWIN,ICICILOVOL,2018-04-10
ICICI Prudential Nifty ETF,NIFTYIWIN,ICICINIFTY,2018-04-10
ICICI Prudential NV20 ETF,NV20IWIN,ICICINV20,2018-04-10
ICICI Prudential Midcap Select ETF,MIDCAPIWIN,ICICIMCAP,2018-04-10
Sri Havisha Hospitality and Infrastructure Limited,SHAKTIGAS,HAVISHA,2018-04-12
ICICI Prudential Mutual Fund - BHARAT 22 ETF,BHARATIWIN,ICICIB22,2018-04-19
Adroit Infotech Limited,SPHEREGSL,ADROITINFO,2018-04-19
Jtekt India Limited,SONASTEER,JTEKTINDIA,2018-04-23
3P Land Holdings Limited,PDUMJEIND,3PLAND,2018-05-04
Prism Johnson Limited,PRISMCEM,PRSMJOHNSN,2018-05-04
Pitti Engineering Limited,PITTILAM,PITTIENG,2018-06-06
Yaari Digital Integrated Services Limited,SORILHOLD,IBULISL,2018-06-08
Proseed India Limited,GREENFIRE,PROSEED,2018-07-18
The Investment Trust Of India Limited,FORTUNEFIN,THEINVEST,2018-07-25
Olectra Greentech Limited,GOLDINFRA,OLECTRA,2018-07-26
Garware Technical Fibres Limited,GARWALLROP,GARFIBRES,2018-08-13
Brightcom Group Limited,LYCOS,BCG,2018-10-08
Inspirisys Solutions Limited,AFL,INSPIRISYS,2018-10-12
Ksb Limited,KSBPUMPS,KSB,2018-10-23
Emami Realty Limited,EMAMIINFRA,EMAMIREAL,2018-11-15
Tata Steel Bsl Limited,BHUSANSTL,TATASTLBSL,2018-12-10
Dhunseri Ventures Limited,DPL,DVL,2019-01-02
Bajaj Consumer Care Limited,BAJAJCORP,BAJAJCON,2019-01-15
IDFC First Bank Limited,IDFCBANK,IDFCFIRSTB,2019-01-16
BIRLASOFT LIMITED,KPIT,BSOFT,2019-02-26
Renaissance Global Limited,RJL,RGL,2019-04-08
Cholamandalam Financial Holdings Limited,TIFIN,CHOLAHLDNG,2019-04-09
Expleo Solutions Limited,SQSBFSI,EXPLEOSOL,2019-05-02
Keynote Financial Services Limited,KEYCORPSER,KEYFINSERV,2019-05-03
Baba Agro Food Limited,SKML,BABAFOOD,2019-05-27
Procter & Gamble Health Limited,MERCK,PGHL,2019-06-11
ICICI Prudential Bank ETF Nifty Bank Index,IPRU5008,ICICIBANKN,2019-07-19
GFL Limited,GUJFLUORO,GFLLIMITED,2019-07-25
Setubandhan Infrastructure Limited,PRAKASHCON,SETUINFRA,2019-07-30
SPICEJET LTD,MODILUFT,SPICEJET,2019-08-19
FORCE MOTORS LTD,BAJAJTEMPO,FORCEMOT,2019-08-19
Kennametal India Limited,WIDIA,KENNAMET,2019-08-19
PGIM India Fixed Duration Fund - Series AC - RPRDPO,DPRMACDP,PGIMACDPD,2019-08-22
PGIM India Fixed Duration Fund - Series AC - RPQDPO,DPRMACQD,PGIMACQDD,2019-08-22
PGIM India Fixed Duration Fund - Series AE - DPADPO,DPRMAED4,PGIMAED4D,2019-08-22
PGIM India Fixed Duration Fund - Series AC - RPG,DPRMACGP,PGIMACGPG,2019-08-22
PGIM India Fixed Duration Fund - Series AC - RPADPO,DPRMACAD,PGIMACADD,2019-08-22
PGIM India Fixed Duration Fund - Series AE - DPG,DPRMAED1,PGIMAED1G,2019-08-22
PGIM India Fixed Duration Fund - Series AF - DPG,DPRMFAD1,PGIMFAD1G,2019-08-22
PGIM India Fixed Duration Fund - Series AE - RPG,DPRMAEGP,PGIMAEGPG,2019-08-22
PGIM India Fixed Duration Fund - Series AE - RPRDPO,DPRMAEDP,PGIMAEDPD,2019-08-22
PGIM India Fixed Duration Fund - Series AF - DPADPO,DPRMFAD4,PGIMFAD4D,2019-08-22
PGIM India Fixed Duration Fund - Series AF - RPADPO,DPRMFAAD,PGIMFAADD,2019-08-22
PGIM India Fixed Duration Fund - Series AF - RPG,DPRMFAGP,PGIMFAGPG,2019-08-22
PGIM India Fixed Duration Fund - Series AF - RPQDPO,DPRMFAQD,PGIMFAQDD,2019-08-22
PGIM India Fixed Duration Fund - Series AG - DPG,DPRMAGD1,PGIMAGD1G,2019-08-22
PGIM India Fixed Duration Fund - Series AG - RPG,DPRMAGGP,PGIMAGGPG,2019-08-22
PGIM India Fixed Duration Fund - Series AH - DPADPO,DPRMAHD4,PGIMAHD4D,2019-08-22
PGIM India Fixed Duration Fund - Series AH - DPG,DPRMAHD1,PGIMAHD1G,2019-08-22
PGIM India Fixed Duration Fund - Series AE - RPADPO,DPRMAEAD,PGIMAEADD,2019-08-22
PGIM India Fixed Duration Fund - Series AC - DPRDPO,DPRMACD2,PGIMACD2D,2019-08-22
PGIM India Dual Advantage Fund - Series 1 - RPRDPO,DPRMDADP,PGIMDADPD,2019-08-22
PGIM India Fixed Duration Fund - Series AC - DPADPO,DPRMACD4,PGIMACD4D,2019-08-22
PGIM India Dual Advantage Fund - Series 1 - DPG,DPRMDAD1,PGIMDAD1G,2019-08-22
PGIM India Dual Advantage Fund - Series 1 - DPQDPO,DPRMDAD3,PGIMDAD3D,2019-08-22
PGIM India Dual Advantage Fund - Series 1 - DPRDPO,DPRMDAD2,PGIMDAD2D,2019-08-22
PGIM India Dual Advantage Fund - Series 1 - RPADPO,DPRMDAAD,PGIMDAADD,2019-08-22
PGIM India Dual Advantage Fund - Series 1 - RPG,DPRMDAGP,PGIMDAGPG,2019-08-22
PGIM India Dual Advantage Fund - Series 1 - RPQDPO,DPRMDAQD,PGIMDAQDD,2019-08-22
PGIM India Fixed Duration Fund - Series AH - DPQDPO,DPRMAHD3,PGIMAHD3D,2019-08-22
PGIM India Fixed Duration Fund - Series 31 - DPG,PRM1SD1,PGIM1SD1G,2019-08-22
PGIM India Fixed Duration Fund - Series 31 - RPDPO,PRM1SDP,PGIM1SDPD,2019-08-22
PGIM India Fixed Duration Fund - Series AC - DPG,DPRMACD1,PGIMACD1G,2019-08-22
PGIM India Fixed Duration Fund - Series 31 - RPG,PRM1SGP,PGIM1SGPG,2019-08-22
PGIM India Fixed Duration Fund - Series AA - DPQDPO,DPRMAAD3,PGIMAAD3D,2019-08-22
PGIM India Fixed Duration Fund - Series AA - RPADPO,DPRMAAAD,PGIMAAADD,2019-08-22
PGIM India Fixed Duration Fund - Series AA - RPG,DPRMAAGP,PGIMAAGPG,2019-08-22
PGIM India Fixed Duration Fund - Series AA - RPQDPO,DPRMAAQD,PGIMAAQDD,2019-08-22
PGIM India Fixed Duration Fund - Series AB - DPG,DPRMABD1,PGIMABD1G,2019-08-22
PGIM India Fixed Duration Fund - Series AB - RPADPO,DPRMABAD,PGIMABADD,2019-08-22
PGIM India Fixed Duration Fund - Series AB - RPG,DPRMABGP,PGIMABGPG,2019-08-22
PGIM India Fixed Duration Fund - Series AB - RPQDPO,DPRMABQD,PGIMABQDD,2019-08-22
PGIM India Fixed Duration Fund - Series AB - RPRDPO,DPRMABDP,PGIMABDPD,2019-08-22
PGIM India Fixed Duration Fund - Series AA - DPG,DPRMAAD1,PGIMAAD1G,2019-08-22
PGIM India Fixed Duration Fund - Series AH - RPADPO,DPRMAHAD,PGIMAHADD,2019-08-22
PGIM India Fixed Duration Fund - Series AT - RPQDPO,DPRMATQDD,PGIMATQDD,2019-08-22
PGIM India Fixed Duration Fund - Series AH - RPQDPO,DPRMAHQD,PGIMAHQDD,2019-08-22
PGIM India Fixed Duration Fund - Series AH - RPG,DPRMAHGP,PGIMAHGPG,2019-08-22
PGIM India Fixed Duration Fund - Series BA - RPSDPO,DPRMBADPD,PGIMBADPD,2019-08-22
PGIM India Fixed Duration Fund - Series BB - DPG,DPRMBBD1G,PGIMBBD1G,2019-08-22
PGIM India Fixed Duration Fund - Series BB - RPG,DPRMBBGPG,PGIMBBGPG,2019-08-22
PGIM India Fixed Duration Fund - Series BB - RPQDPO,DPRMBBQDD,PGIMBBQDD,2019-08-22
PGIM India Fixed Duration Fund - Series BB - RPSDPO,DPRMBBDPD,PGIMBBDPD,2019-08-22
PGIM India Fixed Duration Fund - Series BC - DPG,DPRMBCD1G,PGIMBCD1G,2019-08-22
PGIM India Fixed Duration Fund - Series BC - DPSDT,DPRMBCD2S,PGIMBCD2S,2019-08-22
PGIM India Fixed Duration Fund - Series BC - RPG,DPRMBCGPG,PGIMBCGPG,2019-08-22
PGIM India Fixed Duration Fund - Series BC - RPQDPO,DPRMBCQDD,PGIMBCQDD,2019-08-22
PGIM India Fixed Duration Fund - Series BC - RPSDPO,DPRMBCDPD,PGIMBCDPD,2019-08-22
PGIM India Fixed Duration Fund - Series BE - DPG,DPRMBED1G,PGIMBED1G,2019-08-22
PGIM India Fixed Duration Fund - Series BE - RPG,DPRMBEGPG,PGIMBEGPG,2019-08-22
PGIM India Fixed Duration Fund - Series BE - RPQDPO,DPRMBEQDD,PGIMBEQDD,2019-08-22
PGIM India Fixed Duration Fund - Series BE - RPSDPO,DPRMBEDPD,PGIMBEDPD,2019-08-22
PGIM India Large Cap Fund Series 2 - DPDPO,DWSLCFS2DD,PGIMC6D2D,2019-08-22
PGIM India Large Cap Fund Series 2 - DPG,DWSLCFS2DG,PGIMC6D1G,2019-08-22
PGIM India Large Cap Fund Series 2 - RPDPO,DWSLCFS2RD,PGIMC6DPD,2019-08-22
PGIM India Large Cap Fund Series 2 - RPG,DWSLCFS2RG,PGIMC6GPG,2019-08-22
PGIM India Fixed Duration Fund - Series BA - RPG,DPRMBAGPG,PGIMBAGPG,2019-08-22
PGIM India Fixed Duration Fund - Series BA - DPG,DPRMBAD1G,PGIMBAD1G,2019-08-22
PGIM India Fixed Duration Fund - Series BA - RPQDPO,DPRMBAQDD,PGIMBAQDD,2019-08-22
PGIM India Fixed Duration Fund - Series AR - RPG,DPRMARGPG,PGIMRAGPG,2019-08-22
PGIM India Fixed Duration Fund - Series AP - RPSDPO,DPRMAPDPD,PGIMAPDPD,2019-08-22
PGIM India Fixed Duration Fund - Series AQ - DPG,DPRMAQD1G,PGIMAQD1G,2019-08-22
PGIM India Fixed Duration Fund - Series AQ - DPSDPO,DPRMAQD2D,PGIMAQD2D,2019-08-22
PGIM India Fixed Duration Fund - Series AQ - RPG,DPRMAQGPG,PGIMAQGPG,2019-08-22
PGIM India Fixed Duration Fund - Series AR - DPG,DPRMARD1G,PGIMRAD1G,2019-08-22
PGIM India Fixed Duration Fund - Series AZ - RPSDPO,DPRMAZDPD,PGIMAZDPD,2019-08-22
PGIM India Fixed Duration Fund - Series AR - RPQDPO,DPRMARQDD,PGIMRAQDD,2019-08-22
PGIM India Fixed Duration Fund - Series AR - RPSDPO,DPRMARDPD,PGIMRADPD,2019-08-22
PGIM India Fixed Duration Fund - Series AP - RPG,DPRMAPGPG,PGIMAPGPG,2019-08-22
PGIM India Fixed Duration Fund - Series AT - DPG,DPRMATD1G,PGIMATD1G,2019-08-22
PGIM India Fixed Duration Fund - Series AT - RPSDPO,DPRMATDPD,PGIMATDPD,2019-08-22
PGIM India Fixed Duration Fund - Series AU - DPG,DPRMAUD1G,PGIMAUD1G,2019-08-22
PGIM India Fixed Duration Fund - Series AU - RPG,DPRMAUGPG,PGIMAUGPG,2019-08-22
PGIM India Fixed Duration Fund - Series AU - RPQDPO,DPRMAUQDD,PGIMAUQDD,2019-08-22
PGIM India Fixed Duration Fund - Series AU - RPSDPO,DPRMAUDPD,PGIMAUDPD,2019-08-22
PGIM India Fixed Duration Fund - Series AY - DPG,DPRMAYD1G,PGIMAYD1G,2019-08-22
PGIM India Fixed Duration Fund - Series AY - RPG,DPRMAYGPG,PGIMAYGPG,2019-08-22
PGIM India Fixed Duration Fund - Series AZ - DPG,DPRMAZD1G,PGIMAZD1G,2019-08-22
PGIM India Fixed Duration Fund - Series AZ - RPG,DPRMAZGPG,PGIMAZGPG,2019-08-22
PGIM India Fixed Duration Fund - Series AT - RPG,DPRMATGPG,PGIMATGPG,2019-08-22
PGIM India Fixed Duration Fund - Series AP - DPG,DPRMAPD1G,PGIMAPD1G,2019-08-22
DiGiSPICE Technologies Limited,SPICEMOBI,DIGISPICE,2019-08-28
Tata Steel Long Products Limited,TATASPONGE,TATASTLLP,2019-09-03
GB Global Limited,MIL,GBGLOBAL,2019-09-09
NIPPON INDIA MUTUAL FUND- NIPPON INDIA Dual Ad Fixed Tenure Fund XI (P,RDAXIEDDG,NDAXIEDDG,2019-10-30
NIPPON INDIA MUTUAL FUND- NIPPON INDIA Dual Ad Fixed Tenure Fund V- Pl,RDAFVGGO,NDAFVGGO,2019-10-30
NIPPON INDIA MUTUAL FUND- NIPPON INDIA Dual Ad Fixed Tenure Fund XI (P,RDAXIEDD,NDAXIEDD,2019-10-30
NIPPON INDIA MUTUAL FUND- NIPPON INDIA Dual Ad Fixed Tenure Fund XI (P,RDAXIEDDD,NDAXIEDDD,2019-10-30
NIPPON INDIA MUTUAL FUND- NIPPON INDIA Int.Fund-QIF-SI-IP-DP-DPO,RMFINQIDP1,NMFINQIDP1,2019-10-30
NIPPON INDIA MF - NIPPON INDIA Dual Advantage FTF  Sr. x Plan E -  GO,RDAXEDG,NDAXEDG,2019-10-30
NIPPON INDIA MUTUAL FUND-NIPPON INDIA Dual Ad FTF XI SrXI Plan B-DPDPO,RDAXIBDDD,NDAXIBDDD,2019-10-30
NIPPON INDIA MUTUAL FUND-NIPPON INDIA Int. Fund-AIF-SI - RP- DP - RO,RMFINARDR1,NMFINARDR1,2019-10-30
NIPPON INDIA MUTUAL FUND-NIPPON INDIA Int. Fund-QIF-SI-RP-DP-DPO,RMFINQRDP1,NMFINQRDP1,2019-10-30
NIPPON INDIA MUTUAL FUND- NIPPON INDIA Dual Ad Fixed Tenure Fund V- Pl,RDAFVGDO,NDAFVGDO,2019-10-30
NIPPON INDIA MUTUAL FUND-NIPPON INDIA Dual Ad FTF XI Sr XI Plan B - GO,RDAXIBDG,NDAXIBDG,2019-10-30
NIPPON INDIA MUTUAL FUND- NIPPON INDIA Dual Ad Fixed Tenure Fund V- Pl,RDAFVGDG,NDAFVGDG,2019-10-30
NIPPON INDIA MF - NIPPON INDIA Dual Adv FTF V - Pl C - DP-GO,RDAFTVCDG,NDAFTVCDG,2019-10-30
NIPPON INDIA MUTUAL FUND- NIPPON INDIA Dual Ad Fixed Tenure Fund  Seri,RDAXFDG,NDAXFDG,2019-10-30
NIPPON INDIA MF - NIPPON INDIA Dual Adv FTF Sr VIII Pl C - DP-DPO,RDAFVIIICX,NDAFVIIICX,2019-10-30
NIPPON INDIA MF - NIPPON INDIA Dual Adv FTF Sr VIII Pl C - DPO,RDAFVIIICD,NDAFVIIICD,2019-10-30
NIPPON INDIA MF - NIPPON INDIA Dual Adv FTF Sr X Pl A - DP-GO,RDAXADDG,NDAXADDG,2019-10-30
NIPPON INDIA MF - NIPPON INDIA Dual Adv FTF Sr X Pl A - DPO,RDAXADD,NDAXADD,2019-10-30
NIPPON INDIA MF - NIPPON INDIA Dual Adv FTF Sr X Pl A - GO,RDAXADG,NDAXADG,2019-10-30
NIPPON INDIA MF - NIPPON INDIA Dual Adv FTF Sr X Pl D - DP-DPO,RDAXDDDD,NDAXDDDD,2019-10-30
NIPPON INDIA MF - NIPPON INDIA Dual Adv FTF Sr X Pl D - DP-GO,RDAXDDDG,NDAXDDDG,2019-10-30
NIPPON INDIA MF - NIPPON INDIA Dual Adv FTF Sr X Pl D - DPO,RDAXDDD,NDAXDDD,2019-10-30
NIPPON INDIA MF - NIPPON INDIA Dual Adv FTF Sr X Pl D - GO,RDAXDDG,NDAXDDG,2019-10-30
NIPPON INDIA MF - NIPPON INDIA Dual Adv FTF Sr VII Pl D - O,RDAVIIPDG,NDAVIIPDG,2019-10-30
NIPPON INDIA MF - NIPPON INDIA Dual Adv FTF V - Pl C - DPO,RDAFTFVCD,NDAFTFVCD,2019-10-30
NIPPON INDIA MF - NIPPON INDIA Dual Advantage FTF XI Plan C - DP - DPO,RDAXICDDD,NDAXICDDD,2019-10-30
NIPPON INDIA MF - NIPPON INDIA Dual Advantage FTF XI Plan C - DP - GO,RDAXICDDG,NDAXICDDG,2019-10-30
NIPPON INDIA MF - NIPPON INDIA Dual Advantage FTF XI Plan C - DPO,RDAXICDD,NDAXICDD,2019-10-30
NIPPON INDIA MF - NIPPON INDIA Dual Advantage FTF XI Plan C - GO,RDAXICDG,NDAXICDG,2019-10-30
NIPPON INDIA MF - NIPPON INDIA IF - AIF S-I - IDR,RMFINAIDR1,NMFINAIDR1,2019-10-30
NIPPON INDIA MF - NIPPON INDIA Intr Fund - QIF SR I-DIV,RMFINQADP1,NMFINQADP1,2019-10-30
NIPPON INDIA MF - NIPPON INDIA Intr Fund - QIF SR I-GRW,RMFINQRAG1,NMFINQRAG1,2019-10-30
NIPPON INDIA MF - Nippon India DA Fixed Tenure Fund   Sr x Plan B - GO,RDAXBDG,NDAXBDG,2019-10-30
NIPPON INDIA MF- Nippon India DA Fixed Tenure Fund Sr x Plan B - DPO,RDAXBDD,NDAXBDD,2019-10-30
NIPPON INDIA MF - NIPPON INDIA Dual Adv FTF V - Pl C - GO,RDAFTFVCG,NDAFTFVCG,2019-10-30
NIPPON INDIA MF- Nippon India DA Fixed Tenure Fund Sr x Plan B-DP-DPO,RDAXBDDD,NDAXBDDD,2019-10-30
NIPPON INDIA MF - NIPPON INDIA Dual Adv FTF Sr VII Pl D - DPO,RDAVIIPDD,NDAVIIPDD,2019-10-30
NIPPON INDIA MF - NIPPON INDIA Dual Adv FTF Sr VII Pl D - DP-DPO,RDAVIIPDDD,NDAVIIPDDD,2019-10-30
NIPPON INDIA MUTUAL FUND- NIPPON INDIA Dual Ad Fixed Tenure Fund V- Pl,RDAFVGDD,NDAFVGDD,2019-10-30
NIPPON INDIA ETF CONSUMPTION,RELCONS,NETFCONSUM,2019-10-30
NIPPON INDIA ETF NIFTY 100,RELCNX100,NETFNIF100,2019-10-30
NIPPON INDIA ETF NIFTY MIDCAP 150,RETFMID150,NETFMID150,2019-10-30
NIPPON INDIA MF - NIPPON INDIA Dual Adv FTF Sr III Pl A - DP-GO,RDAIIIADG,NDAIIIADG,2019-10-30
NIPPON INDIA MF - NIPPON INDIA Dual Adv FTF Sr III Pl A - DPO,RDAIIIARD,NDAIIIARD,2019-10-30
NIPPON INDIA MF - NIPPON INDIA Dual Adv FTF Sr III Pl A - GO,RDAIIIARG,NDAIIIARG,2019-10-30
NIPPON INDIA MF - NIPPON INDIA Dual Adv FTF Sr IX Pl D - DP-DPO,RDAIXDDD,NDAIXDDD,2019-10-30
NIPPON INDIA MF - NIPPON INDIA Dual Adv FTF Sr IX Pl D - DP-GO,RDAIXDDG,NDAIXDDG,2019-10-30
NIPPON INDIA MF - NIPPON INDIA Dual Adv FTF Sr VII Pl D - DP-GO,RDAVIIPDDG,NDAVIIPDDG,2019-10-30
NIPPON INDIA MF - NIPPON INDIA Dual Adv FTF Sr IX Pl D - DPO,RDAIXDD,NDAIXDD,2019-10-30
NIPPON INDIA MF - NIPPON INDIA Dual Adv FTF Sr IX Pl E - DP-DPO,RDAIXEDDD,NDAIXEDDD,2019-10-30
NIPPON INDIA MF - NIPPON INDIA Dual Adv FTF Sr IX Pl E - DP-GO,RDAIXEDDG,NDAIXEDDG,2019-10-30
NIPPON INDIA MF - NIPPON INDIA Dual Adv FTF Sr IX Pl E - DPO,RDAIXEDD,NDAIXEDD,2019-10-30
NIPPON INDIA MF - NIPPON INDIA Dual Adv FTF Sr IX Pl E - GO,RDAIXEDG,NDAIXEDG,2019-10-30
NIPPON INDIA MF - NIPPON INDIA Dual Adv FTF Sr IX Pl F - DP-DPO,RDAIXFDDD,NDAIXFDDD,2019-10-30
NIPPON INDIA MF - NIPPON INDIA Dual Adv FTF Sr IX Pl F - DP-GO,RDAIXFDDG,NDAIXFDDG,2019-10-30
NIPPON INDIA MF - NIPPON INDIA Dual Adv FTF Sr IX Pl F - DPO,RDAIXFDD,NDAIXFDD,2019-10-30
NIPPON INDIA MF - NIPPON INDIA Dual Adv FTF Sr IX Pl F - GO,RDAIXFDG,NDAIXFDG,2019-10-30
NIPPON INDIA MF - NIPPON INDIA Dual Adv FTF Sr VII Pl C - DP-GO,RDAVIIPCDG,NDAVIIPCDG,2019-10-30
NIPPON INDIA MF - NIPPON INDIA Dual Adv FTF Sr IX Pl D - GO,RDAIXDG,NDAIXDG,2019-10-30
NIPPON INDIA MF-Nippon India  Dual Adv. Fix. Ten. Fund Sr.x Plan C-GO,RDAXCDG,NDAXCDG,2019-10-30
NIPPON INDIA MF - NIPPON INDIA Dual Adv FTF Sr X Pl A - DP-DPO,RDAXADDD,NDAXADDD,2019-10-30
NIPPON INDIA MF-Nippon India DA Fixed Tenure Fund Sr x Plan B -DP - GO,RDAXBDDG,NDAXBDDG,2019-10-30
NIPPON INDIA MUTUAL FUND- NIPPON INDIA Dual Ad FTF XII Plan A-DPGO,RDAXIIADDG,NDAXIIADDG,2019-10-30
NIPPON INDIA MF-Nippon India  Dual Adv. Fix.Ten. Fund Sr.x Plan C-DPO,RDAXCDD,NDAXCDD,2019-10-30
NIPPON INDIA MUTUAL FUND - NIPPON INDIA Dual Ad FTF V- Plan H - DPO,RDAFTVHDR,NDAFTVHDR,2019-10-30
NIPPON INDIA MUTUAL FUND- NIPPON INDIA Dual Ad FTF XI SrXI Plan B-DPGO,RDAXIBDDG,NDAXIBDDG,2019-10-30
NIPPON INDIA MUTUAL FUND- NIPPON INDIA Dual Ad FTF XI Sr XI Plan B-DPO,RDAXIBDD,NDAXIBDD,2019-10-30
NIPPON INDIA MUTUAL FUND- NIPPON INDIA Dual Ad FTF XI Plan D-DPO,RDAXIDDD,NDAXIDDD,2019-10-30
NIPPON INDIA MUTUAL FUND- NIPPON INDIA Dual Ad FTF XII Plan A-DPO,RDAXIIADD,NDAXIIADD,2019-10-30
NIPPON INDIA MUTUAL FUND -NIPPON INDIA Dual Ad Fixed Tenure Fund XI (P,RDAXIEDG,NDAXIEDG,2019-10-30
NIPPON INDIA MUTUAL FUND -NIPPON INDIA Dual Ad Fixed Tenure Fund  Seri,RDAXFDD,NDAXFDD,2019-10-30
NIPPON INDIA MF - NIPPON INDIA Dual Advantage FTF  Sr. x Plan E-DPGO,RDAXEDDG,NDAXEDDG,2019-10-30
NIPPON INDIA MUTUAL FUND - NIPPON INDIA Dual Ad Fixed Tenure Fund Seri,RDAXFDDD,NDAXFDDD,2019-10-30
NIPPON INDIA MF - NIPPON INDIA Dual Advantage FTF  Sr. x Plan E - DPO,RDAXEDD,NDAXEDD,2019-10-30
NIPPON INDIA MUTUAL FUND - NIPPON INDIA Dual Ad FTF V- Plan H - GO,RDAFTVHGR,NDAFTVHGR,2019-10-30
NIPPON INDIA MUTUAL FUND - NIPPON INDIA Dual Ad FTF XI Plan A - DPDPO,RDAXIADDD,NDAXIADDD,2019-10-30
NIPPON INDIA MF-NIPPON INDIA Dual Advantage FTF Sr.x Plan E- DP- DPO,RDAXEDDD,NDAXEDDD,2019-10-30
NIPPON INDIA MUTUAL FUND - NIPPON INDIA Dual Ad FTF XI Plan A - DPO,RDAXIADD,NDAXIADD,2019-10-30
NIPPON INDIA MUTUAL FUND - NIPPON INDIA Dual Ad FTF V- Plan H - DPGO,RDAFDVHGR,NDAFDVHGR,2019-10-30
NIPPON INDIA MUTUAL FUND- NIPPON INDIA Dual Ad FTF XII Plan A-GO,RDAXIIADG,NDAXIIADG,2019-10-30
NIPPON INDIA MF-Nippon India Dual Adv.FixTen. Fund Sr.x Plan C-DP-GO,RDAXCDDG,NDAXCDDG,2019-10-30
NIPPON INDIA MF-Nippon India DualAdv. Fix.Ten. Fund Sr.x Plan C-DP-DPO,RDAXCDDD,NDAXCDDD,2019-10-30
NIPPON INDIA MUTUAL FUND  - NIPPON INDIA DA-FTF IV-P-C-D,RDAFTFIVCD,NDAFTFIVCD,2019-10-30
NIPPON INDIA MUTUAL FUND  - NIPPON INDIA DA-FTF IV-P-C-DD,RDAFTIVCDD,NDAFTIVCDD,2019-10-30
NIPPON INDIA MUTUAL FUND  - NIPPON INDIA DA-FTF IV-P-C-DG,RDAFTIVCDG,NDAFTIVCDG,2019-10-30
NIPPON INDIA MUTUAL FUND  - NIPPON INDIA DA-FTF IV-P-C-G,RDAFTFIVCG,NDAFTFIVCG,2019-10-30
NIPPON INDIA MUTUAL FUND - NIPPON INDIA Dual Ad FTF V- Plan H - DPDPO,RDAFDVHDR,NDAFDVHDR,2019-10-30
NIPPON INDIA MUTUAL FUND  - NIPPON INDIA DAFTF II - P - G - DP,RDAFTIIPGD,NDAFTIIPGD,2019-10-30
NIPPON INDIA MUTUAL FUND  - NIPPON INDIA Dual Ad FTF XI Plan A - GO,RDAXIADG,NDAXIADG,2019-10-30
NIPPON INDIA MUTUAL FUND  - NIPPON INDIA Dual Ad FTF XI Plan D-DPDPO,RDAXIDDDD,NDAXIDDDD,2019-10-30
NIPPON INDIA MUTUAL FUND  - NIPPON INDIA Dual Ad FTF XI Plan D-DPGO,RDAXIDDDG,NDAXIDDDG,2019-10-30
NIPPON INDIA MUTUAL FUND- NIPPON INDIA Dual Ad Fixed Tenure Fund  Seri,RDAXFDDG,NDAXFDDG,2019-10-30
NIPPON INDIA MUTUAL FUND  - NIPPON INDIA Dual Ad FTF XI Plan D-GO,RDAXIDDG,NDAXIDDG,2019-10-30
NIPPON INDIA MUTUAL FUND  - NIPPON INDIA Dual Ad FTF XII Plan A-DPDPO,RDAXIIADDD,NDAXIIADDD,2019-10-30
NIPPON INDIA MUTUAL FUND  - NIPPON INDIA DAFTF II - P - G - Growth,RDAFTIIPGG,NDAFTIIPGG,2019-10-30
NIPPON INDIA MUTUAL FUND - NIPPON INDIA Dual Ad FTF XI Plan A - DPGO,RDAXIADDG,NDAXIADDG,2019-10-30
AVRO INDIA LIMITED,AVONMPL,AVROIND,2019-11-01
NXTDIGITAL LIMITED,HINDUJAVEN,NXTDIGITAL,2019-11-11
HLV LIMITED,HOTELEELA,HLVLTD,2020-01-08
ANDHRA PAPER LIMITED,IPAPPM,ANDPAPER,2020-01-22
Nippon Life India Asset Management Limited,RNAM,NAM-INDIA,2020-01-23
BOROSIL RENEWABLES LIMITED,BOROSIL,BORORENEW,2020-02-20
TATA CONSUMER PRODUCTS LIMITED,TATAGLOBAL,TATACONSUM,2020-02-27
ANDHRA PAPER LIMITED,ANDPAPER,ANDHRAPAP,2020-03-05
DELPHI WORLD MONEY LIMITED,WEIZFOREX,EBIXFOREX,2020-03-20
Tembo Global Industries Limited,SAKETH,TEMBO,2020-04-13
Imagicaaworld Entertainment Limited,ADLABS,IMAGICAA,2020-04-22
WE WIN LIMITED,SUREVIN,WEWIN,2020-07-01
Zenith Steel Pipes & Industries Limited,ZENITHBIR,ZENITHSTL,2020-08-19
Coforge Limited,NIITTECH,COFORGE,2020-08-20
Dhani Loans and Services Limited,ICFL,DHANILOANS,2020-09-17
DEEP ENERGY RESOURCES LIMITED,DEEPIND,DEEPENR,2020-09-30
JSW Ispat Special Products Limited,AIONJSW,JSWISPL,2020-10-12
Privi Speciality Chemicals Limited,FAIRCHEM,PRIVISCL,2020-10-14
EPL Limited,ESSELPACK,EPL,2020-10-19
Dhani Services Limited,IBVENTURES,DHANI,2020-10-28
Dhani Services Limited,IBVENTPP,DHANIPP,2020-10-28
Sterlite Technologies Limited,STRTECH,STLTECH,2020-10-29
Huhtamaki India Limited,PAPERPROD,HUHTAMAKI,2020-11-26
Yaari Digital Integrated Services Limited,IBULISL,YAARII,2020-12-08
Indus Towers Limited,INFRATEL,INDUSTOWER,2020-12-18
CARYSIL LIMITED,1201210518,ACRYSIL,2021-01-12
Adani Total Gas Limited,ADANIGAS,ATGL,2021-01-13
SECUREKLOUD TECHNOLOGIES LIMITED,8KMILES,SECURKLOUD,2021-01-20
RPSG VENTURES LIMITED,CESCVENT,RPSGVENT,2021-02-01
OM INFRA LIMITED,OMMETALS,OMINFRAL,2021-02-10
Jubilant Pharmova Limited,JUBILANT,JUBLPHARMA,2021-02-12
RattanIndia Enterprises Limited,RTNINFRA,RTNINDIA,2021-04-07
Vikas Lifecare Limited,VIKASMCORP,VIKASLIFE,2021-05-06
INCREDIBLE INDUSTRIES LIMITED,ADHUNIKIND,INCREDIBLE,2021-05-20
Motilal Oswal Mutual Fund - Motilal Oswal MOSt Shares M50 ETF,M50,MOM50,2021-06-16
Motilal Oswal Mutual Fund-Motilal Oswal MOSt Shares NASDAQ 100 ETF -GO,N100,MON100,2021-06-16
Motilal Oswal Mutual Fund - Motilal Oswal 5 Year G Sec ETF - Growth,G5,MOGSEC,2021-06-16
Motilal Oswal Mutual Fund - Motilal Oswal MOSt Shares M100 ETF GO,M100,MOM100,2021-06-16
RHI MAGNESITA INDIA LTD,ORIENTREF,RHIM,2021-07-22
SOVEREIGN GOLD BONDS 2.50% JULY 2029 SR-IV 2021-22,SGBJUN29IV,SGBJUL29IV,2021-07-28
Poonawalla Fincorp Limited,MAGMA,POONAWALLA,2021-08-05
Nandani Creation Limited,NANDANI,JAIPURKURT,2021-08-06
SEJAL GLASS LIMITED,SEZAL,SEJAL,2021-08-16
AJR INFRA AND TOLLING LIMITED,GAMMNINFRA,AJRINFRA,2021-08-16
DELPHI WORLD MONEY LIMITED,EBIXFOREX,DELPHIFX,2021-09-01
Aurum PropTech Limited,MAJESCO,AURUM,2021-10-22
Angel One Limited,ANGELBRKG,ANGELONE,2021-11-11
Equippp Social Impact Technologies Limited,PROINDIA,EQUIPPP,2021-11-30
Black Box Limited,AGCNET,BBOX,2021-12-03
Yaari Digital Integrated Services Limited,YAARII,YAARI,2021-12-15
KBC Global Limited,KARDA,KBCGLOBAL,2021-12-16
Dolat Algotech Limited,DOLAT,DOLATALGO,2021-12-20
Linc Limited,LINCPEN,LINC,2021-12-20
WinPro Industries Limited,JUMPNET,WINPRO,2021-12-22
Zydus Lifesciences Limited,CADILAHC,ZYDUSLIFE,2022-03-07
KPI Green Energy Limited,KPIGLOBAL,KPIGREEN,2022-04-27
NIPPON INDIA ETF NV20,NETFNV20,NV20BEES,2022-05-10
Nippon Life India Asset Management Limited,NETFIT,ITBEES,2022-05-10
Nippon India Mutual Fund-Nippon India ETF Nifty CPSE Bond Plus SDL-24,NCPSESDL24,SDL24BEES,2022-05-10
NIPPON INDIA ETF NIFTY 100,NETFNIF100,NIF100BEES,2022-05-10
Nippon India Mutual Fund - Nippon India Silver ETF,NETFSILVER,SILVERBEES,2022-05-10
NIPPON INDIA ETF CONSUMPTION,NETFCONSUM,CONSUMBEES,2022-05-10
Nippon India Mutual Fund - Nippon India Nifty Pharma ETF,NETFPHARMA,PHARMABEES,2022-05-10
Nippon India Mutual Fund - Nippon India Nifty Auto ETF,NETFAUTO,AUTOBEES,2022-05-10
Nippon India Mutual Fund - ETF Nifty SDL - 2026 Maturity,NETFSDL26,SDL26BEES,2022-05-10
Nippon India Mutual Fund - Nippon India ETF 5 Year Gilt,NETFGILT5Y,GILT5YBEES,2022-05-10
NIPPON INDIA ETF NIFTY MIDCAP 150,NETFMID150,MID150BEES,2022-05-10
HSIL Limited,HSIL,AGI,2022-05-11
Samvardhana Motherson International Limited,MOTHERSUMI,MOTHERSON,2022-06-09
Jupiter Wagons Limited,CEBBCO,JWL,2022-06-20
Hindware Home Innovation Limited,SHIL,HINDWAREAP,2022-06-21
ZUARI INDUSTRIES LIMITED,ZUARIGLOB,ZUARIIND,2022-07-04
Heads UP Ventures Limited,TMRVL,HEADSUP,2022-07-18
COSMO FIRST LIMITED,COSMOFILMS,COSMOFIRST,2022-07-25
NAVA LIMITED,NBVENTURES,NAVA,2022-07-29
UNO Minda Limited,MINDAIND,UNOMINDA,2022-08-05
MODISON LIMITED,MODISNME,MODISONLTD,2022-08-16
TruCap Finance Limited,DHANVARSHA,TRU,2022-09-01
DMCC SPECIALITY CHEMICALS LIMITED,DHARAMSI,DMCC,2022-11-02
CARYSIL LIMITED,ACRYSIL,CARYSIL,2022-11-18
JTL INDUSTRIES LIMITED,JTLINFRA,JTLIND,2022-11-21
Univa Foods Limited,HOTELRUGBY,UNIVAFOODS,2022-11-23
LTIMindtree Limited,LTI,LTIM,2022-12-05
Shriram Finance Limited,SRTRANSFIN,SHRIRAMFIN,2022-12-20
Arihant Academy Limited,AAL,ARIHANTACA,2023-01-02
Wonder Electricals Limited,WFL,WEL,2023-01-04
Styrenix Performance Materials Limited,INEOSSTYRO,STYRENIX,2023-01-20
360 ONE WAM LIMITED,IIFLWAM,360ONE,2023-01-23
Heubach Colorants India Limited,CLNINDIA,HEUBACHIND,2023-03-10
NDL Ventures Limited,NXTDIGITAL,NDLVENTURE,2023-05-09
PVR INOX Limited,PVR,PVRINOX,2023-05-12
Oswal Greentech Limited,BINDALAGRO,OSWALGREEN,2023-05-19
Kalpataru Projects International Limited,KALPATPOWR,KPIL,2023-06-06
HDFC Mutual Fund-HDFC Gold Exchange Traded Fund,HDFCMFGETF,HDFCGOLD,2023-06-16
HDFC NIFTY 50 ETF,HDFCNIFETF,HDFCNIFTY,2023-06-16
HDFC NIFTY Bank ETF,HBANKETF,HDFCNIFBAN,2023-06-16
HDFC S&P BSE SENSEX ETF,HDFCSENETF,HDFCSENSEX,2023-06-16
TITAGARH RAIL SYSTEMS LIMITED,TWL,TITAGARH,2023-06-19
CIE Automotive India Limited,MAHINDCIE,CIEINDIA,2023-06-19
Shah Metacorp Limited,GAL,SHAH,2023-07-03
GACM Technologies Limited,STAMPEDE,GATECH,2023-07-14
Nido Home Finance Limited,EHFLNCD,NIDO,2023-07-18
UCAL LIMITED,UCALFUEL,UCAL,2023-07-26
ORIENT CERATECH LIMITED,ORIENTABRA,ORIENTCER,2023-07-31
GVP Infotech Limited,4THDIM,GVPTECH,2023-07-31
LIC MF Gold EXCHANGE TRADED FUND,IDBIGOLD,LICMFGOLD,2023-07-31
Prozone Realty Limited,PROZONINTU,PROZONER,2023-08-04
GACM Technologies Limited,SCAPDVR,GATECHDVR,2023-08-08
TVS Holdings Limited,SUNCLAYLTD,TVSHLTD,2023-08-10
Sampann Utpadan India Limited,SEPOWER,SAMPANN,2023-08-23
Adani Energy Solutions Limited,ADANITRANS,ADANIENSOL,2023-08-24
Mirae Asset Mutual Fund - Mirae Asset Nifty 100 Low Volatility 30 ETF,MANV30F,LOWVOL,2023-09-01
Mirae Asset Mutual Fund - Mirae Asset Nifty India Manufacturing ETF,MAMFGETF,MAKEINDIA,2023-09-01
Mirae Asset Mutual Fund - Mirae Asset Nifty Midcap 150 ETF,MAM150ETF,MIDCAPETF,2023-09-01
Mirae Asset Mutual Fund - Mirae Asset Nifty 50 ETF,MAN50ETF,NIFTYETF,2023-09-01
Mirae Asset Mutual Fund - MIRAE ASSET NIFTY NEXT 50 ETF (MANXT50) - Mi,MANXT50,NEXT50,2023-09-01
Mirae Asset Mutual Fund - Mirae Asset Gold ETF,MAGOLDETF,GOLDETF,2023-09-01
Mirae Asset Mutual Fund - Mirae Asset Nifty 8-13 yr G-Sec ETF,MAGS813ETF,GSEC10YEAR,2023-09-01
Mirae Asset Mutual Fund - Mirae Asset Nifty Financial Services ETF,MAFSETF,BFSI,2023-09-01
MIRAE ASSET MUTUAL FUND - Mirae Asset Nifty 100 ESG Sector Leaders ETF,MAESGETF,ESG,2023-09-01
Mirae Asset Mutual Fund - Mirae Asset Silver ETF,MASILVER,SILVRETF,2023-09-01
Epigral Limited,MFL,EPIGRAL,2023-09-11
G-TEC JAINX EDUCATION LIMITED,KEERTI,GTECJAINX,2023-09-12
SEMAC CONSULTANTS LIMITED,REVATHI,SEMAC,2023-09-21
LLOYDS ENGINEERING WORKS LIMITED,LSIL,LLOYDSENGG,2023-10-16
Teamo Productions HQ Limited,GISOLUTION,TPHQ,2023-10-20
Amara Raja Energy & Mobility Limited,AMARAJABAT,ARE&M,2023-10-27
LT Foods Limited,DAAWAT,LTFOODS,2023-11-06
SONAM LIMITED,SONAMCLOCK,SONAMLTD,2023-11-15
Allcargo Gati Limited,GATI,ACLGATI,2023-11-30
Goldkart Jewels Limited,SONAHISONA,GOLDKART,2023-12-01
